DROP  DATABASE IF EXISTS  Renting;
CREATE DATABASE Renting;
USE Renting;
##USERS TABLES
DROP  TABLE IF EXISTS USERS;
CREATE TABLE USERS(
	ID INT(4) PRIMARY KEY,
	NAME NVARCHAR(50) NOT NULL,
	PASSWORD  NVARCHAR(50),
	TELEPHONE  NVARCHAR(15),
	USERNAME  NVARCHAR(50),
	ISADMIN NVARCHAR(5)
);
## TYPE TABLE
DROP  TABLE IF EXISTS TYPE;
CREATE TABLE TYPE(
	ID INT(4) PRIMARY KEY,
	NAME NVARCHAR(50) NOT NULL
);

## DISTRICT TABLE
DROP  TABLE IF EXISTS DISTRICT;
CREATE TABLE DISTRICT(
	ID INT(4) PRIMARY KEY,
	NAME NVARCHAR(50) NOT   NULL
);

## STREET TABLE
DROP  TABLE IF EXISTS STREET;
CREATE TABLE STREET(
	ID INT(4) PRIMARY KEY,
	NAME NVARCHAR(50) NOT NULL,
	DISTRICT_ID  INT(4)
);

## HOUSE TABLE
DROP  TABLE IF EXISTS HOUSE;
CREATE TABLE HOUSE(
	ID INT(6) PRIMARY KEY,
	TITLE NVARCHAR(50),
	DESCRIPTION NVARCHAR(2000),
	PRICE INT(6),
	PUBDATE DATE,
	FLOORAGE INT(4),
	CONTACT NVARCHAR(100),
	USER_ID INT(4),
	TYPE_ID INT(4),
	STREET_ID INT(4)
);
ALTER TABLE STREET ADD CONSTRAINT FK_DISTRICT_ID FOREIGN KEY(DISTRICT_ID) REFERENCES DISTRICT(ID);
ALTER TABLE HOUSE ADD CONSTRAINT FK_USER_ID FOREIGN KEY(USER_ID) REFERENCES USERS(ID);
ALTER TABLE HOUSE ADD CONSTRAINT FK_TYPE_ID FOREIGN KEY(TYPE_ID) REFERENCES TYPE(ID);
ALTER TABLE HOUSE ADD CONSTRAINT FK_STREET_ID FOREIGN KEY(STREET_ID) REFERENCES STREET(ID);
##用户表
INSERT INTO `USERS` VALUES(1234,'张三1','1234','11111111111','张三1','1'); 
INSERT INTO `USERS` VALUES(1235,'张三2','1234','11111111111','张三2','2'); 
INSERT INTO `USERS` VALUES(1236,'张三3','1234','11111111111','张三3','2'); 
INSERT INTO `USERS` VALUES(1237,'张三4','1234','11111111111','张三4','2'); 
INSERT INTO `USERS` VALUES(1238,'张三5','1234','11111111111','张三5','2'); 

##类型表
INSERT INTO `TYPE` VALUES(1111,'一房一厅一卫');
INSERT INTO `TYPE` VALUES(2222,'二房一厅一卫');
INSERT INTO `TYPE` VALUES(3333,'一房0厅一卫');
INSERT INTO `TYPE` VALUES(4444,'一房一厅');
INSERT INTO `TYPE` VALUES(5555,'二房一厅一卫');
INSERT INTO `TYPE` VALUES(6666,'三房一厅一卫');

##区县表
INSERT INTO `DISTRICT` VALUES(1122,'福田区');
INSERT INTO `DISTRICT` VALUES(3344,'罗湖区');
INSERT INTO `DISTRICT` VALUES(5566,'宝安区');
INSERT INTO `DISTRICT` VALUES(7788,'南山区');
INSERT INTO `DISTRICT` VALUES(1199,'盐田区');

##街道表
INSERT INTO `STREET` VALUES(7512,'华强北街道',1122);
INSERT INTO `STREET` VALUES(7513,'东门街道',3344);
INSERT INTO `STREET` VALUES(7514,'宝安街道',5566);
INSERT INTO `STREET` VALUES(7516,'南山街道',7788);
INSERT INTO `STREET` VALUES(7518,'盐田街道',1199);

##房屋信息表
INSERT INTO `HOUSE` VALUES(6612,'出租1','描述1',11111,'2019-01-01',100,'1111111111',1234,1111,7512);
INSERT INTO `HOUSE` VALUES(6613,'出租2','描述2',11111,'2019-06-01',100,'1111111111',1235,2222,7513);
INSERT INTO `HOUSE` VALUES(6614,'出租3','描述3',11111,'2019-2-21',100,'1111111111',1236,3333,7514);
INSERT INTO `HOUSE` VALUES(6615,'出租4','描述4',11111,'2019-01-16',100,'1111111111',1237,4444,7516);
INSERT INTO `HOUSE` VALUES(6616,'出租5','描述5',11111,'2019-02-12',100,'1111111111',1238,5555,7518);